run,pass,cooldown_ms,mode,variant,batch_idx,e2e_ns,algo_ns,bridge_ns,batch_count,score,input_tag,instructions,cycles,setup_ns,first_ns,digest
1,1,0,warm,abi_sink_real_batched_sink,0,2132829.2,2130220.4,6434928.3,100,,,0,0,39975.8,2131886.2,795162391116738680
1,1,0,warm,abi_sink_real_batched_sink_decode,0,2129367.5,2126988.3,6427186.7,100,,,0,0,37701.7,2129223.8,5867217992460697741
1,1,0,warm,abi_sink_real_per_record_sink,0,2134810.4,2132328.3,6441514.2,100,,,0,0,36250.0,2132170.0,795162391116738680
1,1,0,warm,abi_sink_real_null_sink,0,2136743.3,2134245.0,6443475.0,100,,,0,0,39440.0,2135812.1,8979782376805597904
1,1,0,cold,abi_sink_real_batched_sink,0,2131334.2,2128665.8,6435360.0,100,,,0,0,38553.7,2129599.6,795162391116738680
1,1,0,cold,abi_sink_real_batched_sink_decode,0,2134659.2,2132209.6,6437953.3,100,,,0,0,35834.6,2134339.2,5867217992460697741
1,1,0,cold,abi_sink_real_per_record_sink,0,2144047.9,2141387.9,6470037.9,100,,,0,0,41927.9,2140328.8,795162391116738680
1,1,0,cold,abi_sink_real_null_sink,0,2133448.3,2130926.2,6427819.2,100,,,0,0,39177.5,2128607.5,8979782376805597904
1,2,0,warm,abi_sink_real_batched_sink_decode,0,2137738.3,2135120.4,6452085.8,100,,,0,0,42144.2,2132958.8,5867217992460697741
1,2,0,warm,abi_sink_real_null_sink,0,2436109.2,2432486.2,8287290.4,100,,,0,0,77089.2,2634745.0,8979782376805597904
1,2,0,warm,abi_sink_real_per_record_sink,0,2290647.9,2287335.8,7043475.8,100,,,0,0,64275.4,2306345.8,795162391116738680
1,2,0,warm,abi_sink_real_batched_sink,0,2224825.8,2221459.6,8226066.2,100,,,0,0,72392.5,2391972.5,795162391116738680
1,2,0,cold,abi_sink_real_batched_sink_decode,0,2131981.7,2129388.8,6433075.8,100,,,0,0,42003.8,2130207.5,5867217992460697741
1,2,0,cold,abi_sink_real_null_sink,0,2148317.9,2145768.3,6479591.7,100,,,0,0,38091.2,2147522.5,8979782376805597904
1,2,0,cold,abi_sink_real_per_record_sink,0,2133709.2,2131142.5,6431132.9,100,,,0,0,37594.6,2131447.9,795162391116738680
1,2,0,cold,abi_sink_real_batched_sink,0,2137632.5,2135048.8,6444921.7,100,,,0,0,39586.2,2135600.4,795162391116738680
1,3,0,warm,abi_sink_real_batched_sink_decode,0,2135383.3,2132701.7,6443372.9,100,,,0,0,41905.0,2133455.0,5867217992460697741
1,3,0,warm,abi_sink_real_per_record_sink,0,2141414.6,2138796.7,6470499.2,100,,,0,0,41884.2,2147191.2,795162391116738680
1,3,0,warm,abi_sink_real_batched_sink,0,2127125.8,2124607.9,6420509.2,100,,,0,0,38444.6,2125470.4,795162391116738680
1,3,0,warm,abi_sink_real_null_sink,0,2137233.8,2134608.3,6437966.2,100,,,0,0,41598.3,2132125.0,8979782376805597904
1,3,0,cold,abi_sink_real_batched_sink_decode,0,2144876.2,2142250.4,6467057.5,100,,,0,0,42446.2,2140782.9,5867217992460697741
1,3,0,cold,abi_sink_real_per_record_sink,0,2133415.4,2130852.5,6428160.0,100,,,0,0,39263.8,2126790.0,795162391116738680
1,3,0,cold,abi_sink_real_batched_sink,0,2139761.7,2137176.7,6456589.6,100,,,0,0,38332.5,2139455.0,795162391116738680
1,3,0,cold,abi_sink_real_null_sink,0,2130980.4,2128315.4,6420456.7,100,,,0,0,36693.8,2125422.1,8979782376805597904
1,4,0,warm,abi_sink_real_null_sink,0,2119939.6,2117527.1,6398029.6,100,,,0,0,36192.5,2117379.2,8979782376805597904
1,4,0,warm,abi_sink_real_per_record_sink,0,2142822.1,2140195.0,6477406.2,100,,,0,0,41783.7,2146670.0,795162391116738680
1,4,0,warm,abi_sink_real_batched_sink_decode,0,2139457.9,2137026.2,6440447.9,100,,,0,0,38512.5,2133864.6,5867217992460697741
1,4,0,warm,abi_sink_real_batched_sink,0,2136707.1,2134102.1,6445658.3,100,,,0,0,41554.2,2134983.8,795162391116738680
1,4,0,cold,abi_sink_real_null_sink,0,2134524.6,2131766.7,6443532.9,100,,,0,0,41080.4,2131792.5,8979782376805597904
1,4,0,cold,abi_sink_real_per_record_sink,0,2151964.6,2148997.1,6488972.1,100,,,0,0,42315.0,2148273.3,795162391116738680
1,4,0,cold,abi_sink_real_batched_sink_decode,0,2138743.3,2136231.7,6438947.5,100,,,0,0,38000.8,2132238.8,5867217992460697741
1,4,0,cold,abi_sink_real_batched_sink,0,2134253.3,2131641.7,6439067.9,100,,,0,0,40960.8,2130585.8,795162391116738680
1,5,0,warm,abi_sink_real_batched_sink_decode,0,2136167.5,2133713.8,6448174.2,100,,,0,0,37955.4,2137221.7,5867217992460697741
1,5,0,warm,abi_sink_real_batched_sink,0,2141327.9,2138596.7,6458731.7,100,,,0,0,40771.2,2137760.4,795162391116738680
1,5,0,warm,abi_sink_real_null_sink,0,2126250.8,2123512.9,6409549.2,100,,,0,0,35177.1,2122227.9,8979782376805597904
1,5,0,warm,abi_sink_real_per_record_sink,0,2144641.2,2142092.1,6464449.6,100,,,0,0,40308.3,2138921.7,795162391116738680
1,5,0,cold,abi_sink_real_batched_sink_decode,0,2139988.8,2137367.9,6436423.8,100,,,0,0,40562.1,2132148.8,5867217992460697741
1,5,0,cold,abi_sink_real_batched_sink,0,2130029.2,2127355.4,6415930.8,100,,,0,0,39744.6,2122925.0,795162391116738680
1,5,0,cold,abi_sink_real_null_sink,0,2133853.3,2131160.0,6441542.9,100,,,0,0,42140.4,2133733.8,8979782376805597904
1,5,0,cold,abi_sink_real_per_record_sink,0,2149410.8,2146712.5,6488522.5,100,,,0,0,40986.2,2144340.0,795162391116738680
1,6,0,warm,abi_sink_real_per_record_sink,0,2132253.3,2129789.2,6427918.3,100,,,0,0,34575.8,2129953.3,795162391116738680
1,6,0,warm,abi_sink_real_batched_sink_decode,0,2146716.2,2144082.1,6478310.8,100,,,0,0,41826.7,2145504.6,5867217992460697741
1,6,0,warm,abi_sink_real_batched_sink,0,2136097.5,2133533.8,6441857.1,100,,,0,0,37358.8,2133314.6,795162391116738680
1,6,0,warm,abi_sink_real_null_sink,0,2144285.8,2141838.3,6463432.5,100,,,0,0,36613.3,2142574.2,8979782376805597904
1,6,0,cold,abi_sink_real_per_record_sink,0,2143611.7,2140879.6,6468028.3,100,,,0,0,36898.3,2142369.2,795162391116738680
1,6,0,cold,abi_sink_real_batched_sink_decode,0,2140512.5,2137755.4,6462901.7,100,,,0,0,39552.9,2140015.4,5867217992460697741
1,6,0,cold,abi_sink_real_batched_sink,0,2130981.7,2128332.1,6433047.1,100,,,0,0,36212.9,2131746.7,795162391116738680
1,6,0,cold,abi_sink_real_null_sink,0,2131846.7,2129327.1,6436537.1,100,,,0,0,35942.1,2132203.3,8979782376805597904
